trade_date,open,high,low,close,vol
20250328,34.01,35.04,32.32,32.52,209391861.0
20250321,36.26,37.19,34.0,34.12,326080229.0
20250314,33.47,36.0,32.9,35.77,339069586.0
20250307,34.8,34.88,31.38,33.36,384148353.0
20250228,42.0,42.0,34.29,35.07,441489709.0
20250221,38.7,43.37,38.67,42.49,303825712.0
20250214,39.2,40.0,38.01,38.78,281867697.0
20250207,40.75,40.98,36.81,39.1,263654322.0
20250127,42.7,42.85,41.5,41.59,52200149.0
20250124,40.01,46.15,40.0,44.67,260048561.0
20250117,40.9,42.2,38.54,39.72,244964597.0
20250110,39.39,44.19,38.88,42.0,233526156.0
20250103,40.8,41.85,38.1,39.0,166131285.0
20241227,39.08,41.97,38.02,41.02,210995105.0
20241220,37.98,39.7,36.93,39.07,256532127.0
20241213,38.57,38.88,36.03,37.9,264184691.0
20241206,37.99,39.2,37.22,38.53,140815608.0
20241129,36.64,38.0,35.25,37.32,180825875.0
20241122,38.99,39.68,36.64,36.64,162893045.0
20241115,40.11,42.5,38.77,38.99,286779981.0
20241108,39.41,41.92,39.35,40.31,235158929.0
20241101,43.97,44.03,39.42,39.42,278110856.0
20241025,43.98,45.58,41.15,44.28,253898775.0
20241018,41.84,44.33,39.26,43.13,249546579.0
20241011,44.18,46.86,39.3,41.84,306053725.0
20240930,37.25,40.17,36.32,40.16,92970967.0
20240927,32.07,37.1,31.71,36.52,271118537.0
20240920,33.45,34.03,32.0,32.15,94881601.0
20240913,30.09,34.15,29.66,33.97,205380642.0
20240906,34.1,34.38,30.61,30.7,255208393.0
20240830,33.59,33.75,29.86,32.51,171735549.0
20240823,33.6,34.34,32.62,33.42,136311761.0
20240816,32.11,34.39,32.03,33.74,171099472.0
20240809,30.57,33.0,30.01,32.41,214624486.0
20240802,33.45,35.32,31.73,31.91,229736135.0
20240726,35.02,36.8,32.5,33.52,198469200.0
20240719,39.0,40.0,34.43,35.3,269288476.0
20240712,37.69,41.96,37.4,40.25,202394852.0
20240705,36.12,38.24,35.73,38.1,150789083.0
20240628,36.9,38.09,35.33,36.5,171537968.0
20240621,37.5,39.28,36.4,37.1,192913868.0
20240614,32.68,37.86,32.31,37.06,200857710.0
20240607,31.3,35.1,31.3,32.75,242363173.0
20240531,31.49,32.28,30.46,31.25,141588385.0
20240524,31.8,33.33,31.11,31.24,174397044.0
20240517,31.51,33.48,31.1,32.41,205662103.0
20240510,34.2,34.39,30.91,31.39,198863764.0
20240430,33.43,34.66,33.0,33.5,99158522.0
20240426,27.8,33.89,26.97,33.16,295837507.0
20240419,29.91,31.46,29.36,29.97,239260017.0
20240412,29.3,31.3,28.7,30.24,220115380.0
20240403,30.2,32.1,29.4,29.62,173276011.0
20240329,31.5,32.61,29.39,30.18,377730853.0
20240322,31.42,34.32,31.27,31.84,256319756.0
20240315,30.6,31.84,28.77,31.4,402262588.0
20240308,27.6,31.74,27.3,31.74,329892786.0
20240301,24.82,27.49,24.6,27.25,295974507.0
20240223,25.59,27.49,24.43,25.32,439654712.0
20240208,20.4,25.73,19.98,24.99,232058450.0
20240202,21.6,21.6,19.24,20.59,198764711.0
20240126,23.05,23.64,21.57,21.71,178764576.0
20240119,20.02,23.41,20.0,22.62,154243027.0
20240112,20.5,21.39,19.95,20.15,110177028.0
20240105,22.1,22.36,20.43,20.55,78677480.0
20231229,21.19,22.6,21.18,22.12,152015504.0
20231222,21.4,22.08,21.08,21.31,85773889.0
20231215,21.9,22.8,21.38,21.54,116307847.0
20231208,21.15,23.0,19.91,22.42,148920542.0
20231201,20.09,21.21,20.04,21.02,88753574.0
20231124,21.0,21.44,20.0,20.09,104792381.0
20231117,21.71,22.5,20.77,21.26,154967461.0
20231110,20.1,22.5,19.95,21.52,221032377.0
20231103,19.52,20.21,19.14,19.93,207326430.0
20231027,19.58,20.83,18.8,19.52,207627538.0
20231020,21.74,21.93,19.0,19.59,208872926.0
20231013,22.52,22.8,21.7,21.88,189808693.0
20230928,22.0,23.47,21.89,22.51,298568773.0
20230922,18.77,21.9,18.42,21.9,340840930.0
20230915,19.6,20.65,18.72,18.87,184333954.0
20230908,20.9,21.48,19.35,19.6,198017550.0
20230901,20.68,21.85,19.81,20.81,226679234.0
20230825,20.33,22.66,19.4,19.57,315250246.0
20230818,20.54,22.35,19.9,20.42,259898328.0
20230811,22.95,24.01,20.59,21.27,273991108.0
20230804,22.0,23.26,21.1,22.98,367887806.0
20230728,22.65,25.22,21.78,22.0,434996154.0
20230721,25.57,25.96,22.09,22.64,355746312.0
20230714,23.09,25.6,21.11,25.21,464228684.0
20230707,21.85,24.96,21.24,22.9,652793957.0
20230630,21.06,21.28,18.45,20.94,375482280.0
20230621,22.3,23.45,21.58,21.59,286403282.0
20230616,22.6,23.82,21.4,22.5,562842053.0
20230609,20.47,21.81,19.44,21.81,445865031.0
20230602,20.36,22.2,16.93,20.42,802922337.0
20230526,19.0,20.33,17.34,19.92,421042646.0
20230519,20.02,20.95,18.09,19.22,523756961.0
20230512,20.16,23.07,19.8,19.96,358637110.0
20230505,21.75,22.22,19.62,20.25,158698262.0
20230428,24.55,25.5,21.45,21.93,405820019.0
20230421,22.23,26.5,21.5,24.51,539887834.0
20230414,24.33,26.33,21.55,22.29,481679063.0
20230407,21.37,26.0,21.06,25.11,608131458.0
20230331,21.23,22.95,20.3,21.49,573292738.0
20230324,15.41,21.75,15.41,21.6,616542615.0
20230317,15.38,15.76,14.96,15.49,115966821.0
20230310,16.07,16.25,15.01,15.5,173800628.0
20230303,15.61,17.18,15.4,16.09,220127504.0
20230224,15.26,16.17,15.23,15.61,195738876.0
20230217,15.45,16.84,15.13,15.26,350831023.0
20230210,14.0,16.25,13.68,15.5,351719078.0
20230203,12.89,14.55,12.6,14.1,255608994.0
20230120,12.26,12.82,12.19,12.73,86495753.0
20230113,12.4,12.66,12.15,12.27,84291576.0
20230106,11.88,12.84,11.81,12.43,107483895.0
20221230,11.55,12.05,11.53,11.9,69474273.0
20221223,12.26,12.3,11.47,11.6,70084390.0
20221216,12.2,13.1,12.08,12.24,165001129.0
20221209,12.48,12.6,11.97,12.25,111757048.0
20221202,12.31,12.98,12.21,12.48,95563060.0
20221125,13.25,13.32,12.48,12.59,139661980.0
20221118,12.3,13.6,12.21,13.32,274809365.0
20221111,13.01,13.15,12.15,12.43,228319766.0
20221104,10.52,13.24,10.45,12.83,316920563.0
20221028,10.71,11.29,10.33,10.61,182840924.0
20221021,10.33,10.9,10.28,10.64,100629190.0
20221014,9.95,10.43,9.5,10.37,110838225.0
20220930,10.42,10.55,9.95,9.96,97480519.0
20220923,10.94,10.99,10.37,10.53,111440073.0
20220916,12.03,12.19,10.89,10.95,105061631.0
20220909,11.94,12.39,11.8,12.01,124250868.0
20220902,12.18,12.42,11.74,11.97,134305114.0
20220826,13.2,13.55,12.0,12.43,265335736.0
20220819,13.0,13.81,12.84,13.3,234861976.0
20220812,13.42,13.65,12.95,13.12,309610526.0
20220805,12.08,13.44,11.71,13.37,468617382.0
20220729,13.05,13.16,11.6,12.1,430479046.0
20220722,12.75,13.79,12.12,13.18,216053606.0
20220715,13.11,13.43,12.42,12.73,141819957.0
20220708,14.69,14.73,12.95,13.23,226325052.0
20220701,15.95,16.16,14.2,14.67,202896492.0
20220624,16.5,16.67,15.01,15.89,191852702.0
20220617,16.8,17.31,15.97,16.45,105355574.0
20220610,15.7,17.27,15.7,16.91,163411755.0
20220602,14.64,16.33,14.61,15.9,110456853.0
20220527,14.16,15.14,13.93,14.61,121326411.0
20220520,14.65,15.05,13.82,14.19,116268827.0
20220513,13.11,14.75,13.11,14.6,143698227.0
20220506,12.97,13.59,12.8,13.17,72900891.0
20220429,12.0,13.2,11.05,13.0,215655957.0
20220422,11.61,13.09,11.53,12.28,215755797.0
20220415,12.21,12.22,10.77,11.68,146249495.0
20220408,13.2,13.23,12.07,12.23,74408670.0
20220401,13.44,13.6,13.02,13.28,74101968.0
20220325,13.39,14.58,13.2,13.57,137043622.0
20220318,14.9,14.9,12.26,13.09,228298632.0
20220311,16.09,16.18,14.38,15.13,142929926.0
20220304,16.86,17.87,15.71,16.15,127086792.0
20220225,17.26,18.18,16.92,17.14,123284855.0
20220218,15.72,17.6,15.21,17.19,124831136.0
20220211,17.61,18.26,15.72,15.98,176410570.0
20220128,17.64,18.5,17.0,17.27,128489479.0
20220121,17.05,18.85,16.96,17.69,243198768.0
20220114,15.08,17.24,14.83,17.13,209206308.0
20220107,16.65,16.9,15.15,15.2,150245487.0
20211231,17.19,17.42,16.0,16.58,182735608.0
20211224,14.48,17.49,14.07,17.2,329281487.0
20211217,14.9,16.05,14.26,14.6,169975603.0
20211210,14.86,16.17,14.55,15.05,255044192.0
20211203,14.6,15.39,14.46,14.85,216498401.0
20211126,13.77,16.02,13.74,14.92,424788070.0
20211119,12.82,14.1,12.81,13.87,420391285.0
20211112,11.77,13.46,11.35,12.93,358457965.0
20211105,10.26,12.3,10.26,11.88,369213660.0
20211029,10.2,10.54,9.86,10.24,117847277.0
20211022,11.04,11.08,10.08,10.11,125250182.0
20211015,11.5,11.64,11.06,11.09,49266352.0
20211008,11.38,11.54,11.32,11.47,13653945.0
20210930,11.76,12.05,11.2,11.21,43837991.0
20210924,11.73,12.32,11.55,11.74,45272550.0
20210917,12.3,12.45,11.72,11.82,79033606.0
20210910,11.55,12.51,11.44,12.36,128307331.0
20210903,11.33,11.7,10.94,11.56,99234419.0
20210827,12.22,12.53,11.17,11.38,105050447.0
20210820,12.56,12.73,12.13,12.24,81576725.0
20210813,13.4,13.65,12.51,12.63,155348822.0
20210806,13.1,14.1,13.07,13.52,204710995.0
20210730,12.33,13.75,11.81,13.21,298277515.0
20210723,13.16,13.18,12.35,12.36,145919266.0
20210716,15.86,15.89,13.23,13.27,148383100.0
20210709,14.68,15.84,14.6,15.72,123985856.0
20210702,15.68,15.9,14.7,14.7,90910074.0
20210625,14.71,16.15,14.5,15.73,151470459.0
20210618,15.11,15.23,14.41,14.84,63424456.0
20210611,15.45,15.71,15.06,15.13,87846829.0
20210604,15.34,15.42,14.9,15.26,70870789.0
20210528,14.38,15.47,14.23,15.29,91784589.0
20210521,14.64,15.0,14.38,14.38,52660993.0
20210514,14.28,14.66,14.12,14.63,59120860.0
20210507,14.45,14.45,14.21,14.28,21369252.0
20210430,15.49,15.63,14.4,14.48,78829990.0
20210423,16.15,16.61,15.45,15.49,89876140.0
20210416,16.56,16.58,15.88,16.13,51887825.0
20210409,17.07,17.18,16.52,16.58,47809163.0
20210402,16.9,17.38,16.42,17.06,59656187.0
20210326,16.33,16.94,16.32,16.87,51420308.0
20210319,17.12,17.12,16.31,16.33,63348089.0
20210312,18.31,18.85,17.07,17.17,113818018.0
20210305,17.39,18.54,17.37,18.23,112004763.0
20210226,17.85,18.11,16.63,17.32,84627757.0
20210219,17.35,17.76,17.05,17.75,35770017.0
20210210,16.78,17.11,16.03,16.98,49422918.0
20210205,17.08,18.35,15.88,16.7,142268629.0
20210129,19.0,19.0,16.85,17.16,110992728.0
20210122,19.25,19.95,18.38,19.02,146410888.0
20210115,19.4,20.35,18.92,19.4,182439925.0
20210108,18.78,20.18,18.57,19.31,148311383.0
20201231,18.2,18.89,17.94,18.79,81030728.0
20201225,18.82,19.1,17.89,18.29,98328831.0
20201218,18.83,19.05,18.38,18.77,67188288.0
20201211,20.21,20.75,18.69,18.92,117869825.0
20201204,20.08,21.06,19.7,20.17,170976853.0
20201127,19.29,20.43,19.01,20.12,151946916.0
20201120,20.0,20.1,18.89,19.24,108646542.0
20201113,20.2,20.9,19.42,19.87,188860173.0
20201106,18.46,20.05,17.8,19.77,171316420.0
20201030,18.59,19.03,17.68,18.42,97099198.0
20201023,19.12,19.34,18.52,18.64,75134232.0
20201016,19.63,20.05,18.91,18.96,106354288.0
20201009,19.21,19.54,19.11,19.33,26119116.0
20200930,19.73,19.75,18.64,18.79,59685610.0
20200925,20.1,20.95,19.29,19.39,156179606.0
20200918,18.55,20.56,17.78,20.35,196661333.0
20200911,20.85,21.14,17.97,18.5,155671563.0
20200904,20.98,21.45,20.33,20.95,112170632.0
20200828,21.93,21.96,20.21,20.91,167396522.0
20200821,23.39,23.85,21.51,21.93,171161149.0
20200814,23.4,23.68,23.03,23.37,113936153.0
20200807,24.11,24.6,23.1,23.44,177546432.0
20200731,23.5,24.45,23.07,24.06,146213279.0
20200724,24.4,25.19,23.06,23.49,202837668.0
20200717,27.23,28.17,23.85,24.24,359849937.0
20200710,26.0,28.45,26.0,27.24,476790550.0
20200703,24.84,26.0,24.28,25.81,287613140.0
20200624,24.5,25.21,24.02,24.96,145344659.0
20200619,23.28,24.78,23.09,24.45,203792819.0
20200612,24.4,24.96,23.0,23.43,163987031.0
20200605,23.65,24.65,23.65,24.15,173023935.0
20200529,24.21,24.35,22.9,23.43,139057050.0
20200522,26.35,26.35,23.6,24.17,252802796.0
20200515,27.45,27.48,26.31,26.62,188414217.0
20200508,26.62,28.88,26.52,27.41,152094318.0
20200430,25.65,27.25,25.05,26.86,149507392.0
20200424,25.85,27.28,25.45,25.56,217308955.0
20200417,24.48,26.08,24.0,25.78,185718412.0
20200410,24.2,26.39,23.95,24.91,203730382.0
20200403,24.31,24.49,23.1,23.58,215526738.0
20200327,25.0,26.96,24.44,25.09,262796595.0
20200320,28.99,29.16,23.7,25.9,420005786.0
20200313,26.58,30.96,26.3,28.6,512808147.0
20200306,27.11,30.44,26.6,27.25,541667836.0
20200228,25.6,31.48,25.38,26.1,839503547.0
20200221,23.29,26.08,22.98,25.45,542364931.0
20200214,22.28,23.35,21.58,22.98,389415886.0
20200207,21.57,22.29,19.41,22.15,394283713.0
20200123,23.84,25.36,23.5,23.97,301148722.0
20200117,23.63,24.9,23.48,23.93,357944332.0
20200110,23.1,23.85,22.6,23.44,267058963.0
20200103,22.0,23.99,21.39,23.42,245930977.0
20191227,22.9,22.9,21.8,22.04,227359706.0
20191220,23.75,25.58,23.13,23.16,401127953.0
20191213,23.21,24.49,22.72,23.73,349051170.0
20191206,22.49,23.5,22.22,23.18,348734314.0
20191129,21.83,22.99,20.58,22.49,309540247.0
20191122,22.74,23.44,21.62,21.88,276940188.0
20191115,21.48,23.68,20.65,22.83,438508044.0
20191108,21.94,22.77,21.51,21.92,314482322.0
20191101,24.6,25.79,21.45,21.85,451093817.0
20191025,24.46,25.08,23.4,24.67,276887272.0
20191018,26.1,27.25,24.4,24.5,333090590.0
20191011,24.96,26.47,23.57,25.81,337320004.0
20190930,25.6,25.74,23.88,24.5,77836910.0
20190927,28.08,29.6,25.02,25.46,522598924.0
20190920,26.0,29.47,25.01,28.72,567343548.0
20190912,27.16,27.66,25.55,26.1,554952924.0
20190906,21.77,28.58,21.77,26.88,702053594.0
20190830,18.86,23.07,18.86,21.59,537913350.0
20190823,18.49,20.19,18.2,19.39,559361267.0
20190816,18.44,20.24,17.09,18.26,605057160.0
20190809,15.99,19.68,15.61,18.5,524302803.0
20190802,16.08,16.94,15.31,16.06,358551800.0
20190726,14.43,16.59,13.88,15.99,397190445.0
20190719,13.81,15.5,13.6,14.39,426646181.0
20190712,13.75,14.65,13.31,13.87,465471663.0
20190705,14.49,14.98,13.23,13.7,918237262.0
20190628,11.1,13.62,10.58,13.62,290784070.0
20190621,10.15,11.25,9.94,11.14,270914388.0
20190614,9.89,10.84,9.89,10.15,351419672.0
20190606,9.26,10.75,9.26,9.88,432972276.0
20190531,9.17,9.55,8.95,9.2,231981152.0
20190524,9.88,9.95,8.81,9.14,376037569.0
20190517,10.4,10.75,9.8,9.89,260747934.0
20190510,10.7,10.91,9.56,10.67,263686575.0
20190430,11.83,12.06,11.12,11.39,92791704.0
20190426,12.55,13.34,11.72,11.85,276846085.0
20190419,11.96,12.83,11.55,12.52,319470260.0
20190412,12.57,12.75,11.56,11.66,242830269.0
20190404,11.85,12.98,11.6,12.53,351507613.0
20190329,10.59,11.75,10.51,11.53,368463070.0
20190322,11.1,11.45,10.6,10.88,268456341.0
20190315,10.93,12.1,10.75,11.1,451178056.0
20190308,10.97,11.58,10.22,10.83,497795122.0
20190301,11.06,11.8,10.51,10.9,463630753.0
20190222,8.98,11.18,8.97,10.68,476955530.0
20190215,8.64,9.29,8.58,8.93,275283543.0
20190201,8.07,8.59,7.99,8.57,239234560.0
20190125,8.1,8.39,7.85,8.04,221041227.0
20190118,7.69,8.49,7.55,8.13,309854139.0
20190111,7.41,8.08,7.41,7.75,328735733.0
20190104,7.2,7.48,6.68,7.43,155904357.0
20181228,6.69,7.43,6.66,7.17,258214224.0
20181221,6.9,7.03,6.49,6.72,179279445.0
20181214,6.95,7.45,6.9,7.0,203965940.0
20181207,7.76,7.92,6.89,7.05,326791220.0
20181130,7.18,7.76,7.07,7.33,219015542.0
20181123,8.02,8.1,7.01,7.2,213392417.0
20181116,7.9,8.23,7.53,8.1,252074640.0
20181109,7.66,8.4,7.24,7.88,295876938.0
20181102,7.48,7.74,6.97,7.67,248096353.0
20181026,7.15,8.0,6.95,7.48,353797569.0
20181019,6.13,6.79,5.84,6.73,268619682.0
20181012,6.2,6.4,5.59,6.13,233558337.0
20180928,6.69,7.1,6.19,6.45,182158729.0
20180921,6.15,7.13,6.08,6.81,233601817.0
20180914,6.29,6.65,6.17,6.19,294646665.0
20180907,6.42,7.14,6.15,6.33,428383354.0
20180831,6.14,6.62,5.93,6.32,452327150.0
20180824,4.87,5.86,4.86,5.86,212436467.0
20180817,4.87,5.15,4.81,4.95,157256203.0
20180810,4.31,4.86,4.28,4.81,105341835.0
20180803,4.67,4.72,4.26,4.36,138788403.0
20180727,4.46,4.72,4.43,4.67,120314704.0
20180720,4.22,4.76,4.2,4.46,133775989.0
20180713,3.82,4.22,3.81,4.19,86063906.0
20180706,3.74,3.87,3.7,3.82,42533627.0
20180629,3.79,3.8,3.36,3.74,40887297.0
20180622,4.08,4.08,3.64,3.74,45933614.0
20180615,4.1,4.23,4.07,4.11,52605633.0
20180608,4.12,4.21,4.08,4.13,32113666.0
20180601,4.33,4.36,4.06,4.09,44780734.0
20180525,4.47,4.56,4.3,4.33,52449196.0
20180518,4.39,4.53,4.33,4.45,61670650.0
20180511,4.36,4.57,4.35,4.37,67230081.0
20180504,4.4,4.47,4.24,4.36,51194769.0
20180427,4.29,4.55,4.22,4.37,110071390.0
20180420,4.18,4.58,4.1,4.32,116317022.0
20180413,4.22,4.25,4.07,4.2,69622542.0
20180404,4.38,4.47,4.23,4.23,41654456.0
20180330,4.05,4.38,3.98,4.36,71767420.0
20180323,4.62,4.71,4.05,4.08,107939310.0
20180316,4.85,5.02,4.58,4.62,84635941.0
20180309,4.65,4.91,4.59,4.85,79920929.0
20180302,4.39,4.79,4.37,4.67,96165509.0
20180223,4.32,4.43,4.3,4.38,25275931.0
20180214,4.21,4.48,4.2,4.28,56644125.0
20180209,4.23,4.31,3.92,4.2,98741164.0
20180202,4.77,4.79,4.18,4.31,111361426.0
20180126,4.71,4.88,4.68,4.77,84393014.0
20180119,5.06,5.07,4.58,4.73,126671989.0
20180112,5.3,5.3,5.06,5.08,113065523.0
20180105,5.3,5.41,5.21,5.28,108041832.0
20171229,5.81,5.84,5.23,5.33,184066125.0
20171222,5.53,5.86,5.42,5.78,164916524.0
20171215,5.58,5.81,5.48,5.54,166831115.0
20171208,5.45,5.68,5.24,5.55,156597410.0
20171201,5.43,5.49,5.15,5.42,117845951.0
20171124,5.41,5.95,5.39,5.48,175322935.0
20171117,5.8,6.08,5.46,5.49,199485336.0
20171110,5.42,5.89,5.37,5.83,237613594.0
20171103,5.33,5.6,5.26,5.4,236615900.0
20171027,4.96,5.59,4.93,5.32,172055571.0
20171020,5.2,5.29,4.88,4.93,129959786.0
20171013,4.98,5.34,4.96,5.19,213170678.0
20170929,4.74,4.95,4.59,4.94,88370050.0
20170922,4.71,4.94,4.71,4.75,90995929.0
20170915,4.76,4.8,4.67,4.73,73522735.0
20170908,4.62,4.77,4.61,4.76,65371279.0
20170901,4.57,4.68,4.55,4.63,65035173.0
20170825,4.52,4.62,4.5,4.57,69704860.0
20170818,4.36,4.55,4.36,4.53,67201381.0
20170811,4.47,4.51,4.36,4.37,48623460.0
20170804,4.44,4.55,4.42,4.46,57820133.0
20170728,4.36,4.57,4.33,4.44,62036510.0
20170721,4.49,4.49,4.23,4.36,55750172.0
20170714,4.55,4.64,4.41,4.49,48862045.0
20170707,4.55,4.6,4.5,4.57,40876838.0
20170630,4.56,4.66,4.5,4.55,40357245.0
20170623,4.46,4.68,4.45,4.56,78373856.0
20170616,4.37,4.53,4.37,4.45,54509020.0
20170609,4.29,4.43,4.26,4.41,51286879.0
20170602,4.35,4.36,4.15,4.29,31598127.0
20170526,4.45,4.46,4.21,4.31,56489592.0
20170519,4.37,4.51,4.32,4.49,59051982.0
20170512,4.59,4.6,4.23,4.38,88342978.0
20170505,4.73,4.74,4.56,4.57,62311921.0
20170428,4.83,4.85,4.57,4.71,98678876.0
20170421,5.02,5.11,4.76,4.8,90954383.0
20170414,5.22,5.23,5.01,5.03,105818366.0
20170407,4.99,5.32,4.94,5.24,155878865.0
20170331,4.8,5.07,4.75,5.0,126083895.0
20170324,4.86,4.88,4.72,4.79,48243415.0
20170317,4.81,4.9,4.78,4.85,58584226.0
20170310,4.84,5.02,4.78,4.83,81081833.0
20170303,4.89,4.93,4.81,4.83,51823475.0
20170224,4.82,4.95,4.82,4.9,61379787.0
20170217,4.85,4.89,4.81,4.81,52226154.0
20170210,4.75,4.95,4.75,4.85,80605548.0
20170203,4.78,4.8,4.74,4.76,5560555.0
20170126,4.64,4.84,4.62,4.77,51178297.0
20170120,4.85,4.88,4.49,4.66,67669095.0
20170113,4.86,4.92,4.77,4.91,74627732.0
20170106,4.78,4.91,4.77,4.86,36507392.0
20161230,4.81,4.84,4.73,4.78,34695281.0
20161223,4.79,4.98,4.75,4.83,55121060.0
20161216,5.07,5.08,4.62,4.8,85915865.0
20161209,5.06,5.13,5.05,5.07,48154945.0
20161202,5.26,5.29,5.07,5.08,108450553.0
20161125,5.21,5.29,5.13,5.22,89103707.0
20161118,5.23,5.35,5.21,5.22,104899925.0
20161111,5.16,5.28,5.12,5.23,98691728.0
20161104,5.19,5.21,5.11,5.15,68500417.0
20161028,5.23,5.3,5.19,5.19,82147620.0
20161021,5.19,5.35,5.1,5.25,113474218.0
20161014,5.24,5.37,5.16,5.19,101046299.0
20160930,5.31,5.31,5.16,5.23,45680241.0
20160923,5.19,5.42,5.19,5.31,75368217.0
20160914,5.34,5.38,5.16,5.19,61244742.0
20160909,5.28,5.65,5.26,5.43,170432869.0
20160902,5.36,5.42,5.19,5.27,89962741.0
20160826,5.34,5.58,5.3,5.35,147491042.0
20160819,5.32,5.43,5.23,5.34,127218586.0
20160812,5.36,5.5,5.21,5.31,92996632.0
20160805,5.34,5.5,5.22,5.4,82245698.0
20160729,5.61,5.81,5.26,5.32,114003008.0
20160722,5.81,5.98,5.58,5.61,151723700.0
20160715,5.78,5.99,5.4,5.81,205888187.0
20160708,5.21,5.99,5.2,5.77,260807157.0
20160701,5.06,5.38,5.03,5.26,164808775.0
20160624,5.41,5.65,4.9,5.15,175595548.0
20160617,5.49,5.65,5.2,5.4,160419778.0
20160608,5.7,5.78,5.49,5.61,150969122.0
20160603,5.88,6.3,5.67,5.68,300033836.0
20160527,5.95,6.34,5.43,5.97,287880815.0
20160520,5.03,5.78,5.03,5.49,402703880.0
20160513,4.86,5.25,4.6,5.03,223695762.0
20160506,4.49,5.42,4.44,4.98,278448915.0
20160429,4.5,4.63,4.4,4.46,70811780.0
20160422,4.91,4.91,4.41,4.52,116968640.0
20160415,4.85,4.96,4.74,4.93,169695104.0
20160408,4.69,4.97,4.63,4.77,156282711.0
20160401,4.91,4.95,4.47,4.69,212858831.0
20160325,4.7,5.23,4.52,4.85,392831984.0
20160318,4.03,4.57,4.01,4.57,246450548.0
20160311,4.08,4.19,3.95,4.0,77606096.0
20160304,4.04,4.27,3.79,4.07,125291530.0
20160226,4.45,4.54,3.97,4.07,135437834.0
20160219,3.99,4.63,3.95,4.41,103052319.0
20160205,4.02,4.23,3.84,4.13,109566692.0
20160129,4.65,4.69,3.8,4.02,109461105.0
20160122,4.46,4.85,4.4,4.61,94318399.0
20160115,5.28,5.28,4.39,4.52,111205386.0
20160108,6.39,6.45,5.0,5.35,136282102.0
20151231,6.48,6.75,6.29,6.46,132701740.0
20151225,6.54,6.66,6.25,6.42,147314395.0
20151218,6.45,6.93,6.43,6.57,214283613.0
20151211,6.73,7.0,6.42,6.5,239431603.0
20151204,6.5,6.93,6.01,6.7,245083129.0
20151127,6.18,7.23,6.15,6.52,501966098.0
20151120,6.01,6.31,5.98,6.16,265861862.0
20151113,6.49,6.65,5.98,6.1,423736144.0
20151106,5.3,6.47,5.22,6.47,350784267.0
20151030,5.42,5.66,5.03,5.36,223756269.0
20151023,5.32,5.58,4.96,5.37,204058835.0
20151016,4.88,5.38,4.84,5.34,177849458.0
20151009,4.73,4.86,4.72,4.84,40429352.0
20150930,4.62,4.73,4.51,4.58,41529543.0
20150925,4.49,4.98,4.43,4.69,119792431.0
20150918,5.08,5.15,4.07,4.51,137129733.0
20150911,4.55,5.17,4.48,5.02,125330225.0
20150902,5.42,5.42,4.35,4.4,89737360.0
20150828,6.19,6.39,4.58,5.42,216812958.0
20150821,8.48,8.88,6.53,6.66,414322962.0
20150814,6.69,8.25,6.63,8.25,331570488.0
20150807,6.17,6.92,6.11,6.64,154853317.0
20150731,7.01,7.2,5.86,6.28,237667043.0
20150724,7.18,7.8,6.88,7.23,310909025.0
20150717,7.07,7.77,5.9,7.18,391555261.0
20150710,6.84,6.84,4.59,6.73,542919565.0
20150703,9.15,9.3,6.22,6.22,367572453.0
20150626,10.38,10.59,8.87,8.87,235110190.0
20150619,12.69,13.5,10.38,10.38,307976837.0
20150612,12.03,12.88,11.2,12.75,404206753.0
20150605,10.27,12.65,10.26,12.09,494756406.0
20150529,9.23,10.93,9.07,10.2,588016839.0
20150522,7.46,9.88,7.46,9.22,744034038.0
20150515,6.91,7.63,6.8,7.42,295032015.0
20150508,7.75,7.87,6.5,6.8,218816372.0
20150430,8.11,8.38,7.01,7.73,360116196.0
20150424,6.18,8.2,5.98,7.8,400317028.0
20150417,6.18,6.64,5.92,6.18,278315544.0
20150410,6.47,6.65,5.9,6.19,187775665.0
20150403,6.2,6.64,6.09,6.46,249302296.0
20150327,6.11,6.57,5.8,6.21,254219077.0
20150320,5.68,6.21,5.68,6.09,194563068.0
20150313,5.27,5.69,5.16,5.68,119912578.0
20150306,4.97,5.61,4.91,5.33,218976904.0
20150227,4.87,5.03,4.87,4.94,63045755.0
20150217,4.81,4.92,4.81,4.86,22920245.0
20150213,4.56,4.9,4.49,4.82,56089800.0
20150206,4.79,4.91,4.55,4.56,67703822.0
20150130,4.68,5.09,4.63,4.83,122270590.0
20150123,4.59,4.81,4.3,4.68,107941969.0
20150116,4.82,4.82,4.64,4.65,51230145.0
20150109,4.74,5.14,4.69,4.83,81226165.0
20141231,5.01,5.01,4.69,4.79,39486871.0
20141226,5.38,5.38,4.67,4.96,102685708.0
20141219,5.6,5.95,5.07,5.43,138067503.0
20141212,5.7,5.93,5.09,5.63,130629767.0
20141205,5.76,6.31,5.65,5.7,174141855.0
20141128,4.87,5.91,4.85,5.79,221685903.0
20141121,4.85,5.08,4.76,4.85,74765721.0
20141114,5.15,5.17,4.5,4.87,168158105.0
20141107,4.92,5.27,4.8,5.18,132819104.0
20141031,4.67,5.12,4.64,4.92,149827204.0
20141024,5.15,5.28,4.55,4.68,175640806.0
20141017,4.4,5.24,4.23,5.12,346013670.0
20141010,4.13,4.54,4.12,4.42,122649587.0
20140930,4.0,4.15,4.0,4.13,52298876.0
20140926,4.03,4.09,3.93,4.0,100363102.0
20140919,3.92,4.1,3.78,4.03,188604102.0
20140912,3.6,4.21,3.57,3.92,279057867.0
20140905,3.3,3.74,3.29,3.59,161652883.0
20140829,3.42,3.43,3.25,3.3,64292155.0
20140822,3.44,3.48,3.38,3.41,92526489.0
20140815,3.32,3.44,3.32,3.42,89507224.0
20140808,3.27,3.41,3.26,3.31,78119314.0
20140801,3.26,3.35,3.23,3.26,67746704.0
20140725,3.22,3.26,3.14,3.25,55505807.0
20140718,3.19,3.47,3.18,3.21,98302627.0
20140711,3.19,3.21,3.11,3.18,45776407.0
20140704,3.14,3.28,3.07,3.2,92287569.0
20140627,3.72,3.84,3.06,3.11,62429107.0
20140620,3.63,3.7,3.53,3.69,35484281.0
20140613,3.59,3.67,3.55,3.64,20304576.0
20140606,3.62,3.65,3.52,3.6,21189083.0
20140530,3.65,3.73,3.6,3.62,37246997.0
20140523,3.71,3.75,3.59,3.67,30324452.0
20140516,3.78,3.84,3.65,3.72,52953126.0
20140509,3.7,3.81,3.58,3.78,62156510.0
20140430,3.54,3.83,3.5,3.72,76434806.0
20140425,3.61,3.67,3.47,3.48,35035539.0
20140418,3.61,3.66,3.54,3.63,28001433.0
20140411,3.56,3.66,3.56,3.61,25300963.0
20140404,3.56,3.6,3.49,3.58,29367338.0
20140328,3.71,3.89,3.57,3.59,73649598.0
20140321,3.39,4.01,3.38,3.74,125976892.0
20140314,3.48,3.5,3.31,3.39,24003328.0
20140307,3.52,3.69,3.5,3.52,40706367.0
20140228,3.58,3.71,3.44,3.55,50644097.0
20140221,3.65,3.75,3.55,3.59,54501403.0
20140214,3.52,3.65,3.51,3.61,49260384.0
20140207,3.42,3.51,3.4,3.51,5491630.0
20140130,3.45,3.49,3.41,3.44,19105523.0
20140124,3.32,3.5,3.28,3.47,25571606.0
20140117,3.28,3.43,3.27,3.33,21604044.0
20140110,3.5,3.5,3.26,3.29,35181726.0
20140103,3.67,3.78,3.5,3.51,92115769.0
20131227,3.73,3.83,3.55,3.67,52677711.0
20131220,3.89,3.9,3.7,3.73,29576895.0
20131213,3.9,3.96,3.82,3.89,24619823.0
20131206,3.96,4.15,3.8,3.91,87979515.0
20131129,3.79,4.04,3.77,4.02,40840208.0
20131122,3.74,3.89,3.74,3.8,25281065.0
20131115,3.62,3.83,3.61,3.74,19015963.0
20131108,3.75,3.88,3.58,3.61,21744735.0
20131101,3.85,3.93,3.67,3.75,25130451.0
20131025,4.13,4.25,3.81,3.85,54297206.0
20131018,4.34,4.5,4.09,4.12,79892782.0
20131011,4.21,4.53,4.17,4.33,90424697.0
20130930,4.28,4.31,4.17,4.24,14740976.0
20130927,3.93,4.37,3.87,4.26,128228925.0
20130918,4.0,4.03,3.8,3.91,19361056.0
20130913,4.0,4.1,3.95,4.01,54664075.0
20130906,3.78,4.14,3.76,4.04,64253161.0
20130830,3.97,3.98,3.76,3.78,27983197.0
20130823,3.7,4.04,3.68,3.94,41954230.0
20130816,4.02,4.05,3.73,3.75,52153404.0
20130809,3.93,4.19,3.88,4.04,94062912.0
20130802,3.9,4.05,3.71,3.93,70908503.0
20130726,3.78,3.93,3.57,3.9,69314214.0
20130719,3.3,4.05,3.3,3.82,111142968.0
20130712,3.3,3.33,3.05,3.25,19676129.0
20130705,3.19,3.41,3.16,3.34,14167385.0
20130628,3.39,3.41,2.92,3.2,20547920.0
20130621,3.6,3.64,3.32,3.39,15830902.0
20130614,3.7,3.7,3.5,3.6,13222873.0
20130607,3.97,4.01,3.71,3.72,20442737.0
20130531,4.05,4.12,3.98,3.99,31192029.0
20130524,4.04,4.2,3.98,4.04,48703943.0
20130517,3.89,4.06,3.83,4.04,30570881.0
20130510,3.7,3.99,3.7,3.9,29918644.0
20130503,3.65,3.72,3.61,3.69,7762027.0
20130426,5.04,5.09,3.64,3.65,28670034.0
20130419,4.89,5.06,4.81,5.04,16120320.0
20130412,4.73,5.05,4.7,4.91,15516839.0
20130403,5.04,5.1,4.71,4.77,15473753.0
20130329,5.42,5.43,5.01,5.06,29782142.0
20130322,5.24,5.46,5.1,5.44,42066733.0
20130315,5.22,5.62,5.0,5.24,64858308.0
20130308,5.09,5.33,4.98,5.2,84479769.0
20130301,4.74,5.13,4.7,5.12,33403278.0
20130222,5.13,5.15,4.67,4.71,35596444.0
20130208,4.54,5.19,4.51,5.07,74783958.0
20130201,4.38,4.5,4.36,4.45,15776633.0
20130125,4.45,4.62,4.32,4.35,25422160.0
20130118,4.3,4.58,4.28,4.45,25375893.0
20130111,4.45,4.54,4.3,4.32,17495740.0
20130104,4.43,4.52,4.35,4.44,7480849.0
20121228,4.32,4.53,4.22,4.42,21773330.0
20121221,4.22,4.43,4.17,4.32,23494462.0
20121214,4.15,4.2,4.04,4.2,13081554.0
20121207,3.91,4.12,3.86,4.12,10513768.0
20121130,4.07,4.09,3.87,3.93,5200605.0
20121123,3.96,4.12,3.95,4.08,6567680.0
20121116,4.07,4.1,3.94,3.96,5628049.0
20121109,4.19,4.27,4.03,4.08,7929033.0
20121102,4.1,4.22,4.05,4.22,7127809.0
20121026,4.19,4.3,4.07,4.09,11606307.0
20121019,4.19,4.22,4.04,4.2,11859987.0
20121012,4.17,4.31,4.1,4.2,9943834.0
20120928,4.14,4.18,4.0,4.17,11380181.0
20120921,4.44,4.46,4.14,4.14,8500654.0
20120914,4.42,4.58,4.38,4.44,16576166.0
20120907,4.07,4.56,4.07,4.47,19212344.0
20120831,4.23,4.23,4.04,4.1,7239828.0
20120824,4.27,4.4,4.22,4.25,9488861.0
20120817,4.32,4.35,4.22,4.28,9444815.0
20120810,4.05,4.44,4.03,4.33,18726093.0
20120803,4.04,4.08,3.95,4.07,6010587.0
20120727,4.07,4.08,3.97,4.02,5671945.0
20120720,4.27,4.27,4.0,4.09,8643211.0
20120713,4.39,4.43,4.19,4.26,6090189.0
20120706,4.49,4.6,4.25,4.42,13456121.0
20120629,4.46,4.49,4.26,4.46,8793071.0
20120621,4.53,4.57,4.46,4.47,5894297.0
20120615,4.45,4.56,4.41,4.52,8051573.0
20120608,4.63,4.69,4.42,4.45,10237974.0
20120601,4.61,4.8,4.5,4.74,9516680.0
20120525,4.79,4.83,4.61,4.62,9666539.0
20120518,4.95,5.01,4.77,4.79,9875881.0
20120511,5.11,5.13,4.9,4.9,11930974.0
20120504,5.07,5.13,5.02,5.13,11061548.0
20120427,5.16,5.16,4.87,4.99,20240544.0
20120420,5.18,5.29,5.1,5.16,17585465.0
20120413,7.34,7.46,4.98,5.24,16899183.0
20120406,7.0,7.37,6.99,7.34,5284311.0
20120330,7.59,7.69,6.9,6.98,12329646.0
20120323,7.75,8.02,7.49,7.53,19503022.0
20120316,8.28,8.39,7.48,7.74,38598836.0
20120309,7.71,8.34,7.7,8.26,53980173.0
20120302,7.75,7.78,7.3,7.68,22544490.0
20120224,7.55,7.76,7.21,7.69,22534745.0
20120217,7.21,7.64,7.17,7.46,25458995.0
20120210,6.85,7.33,6.61,7.31,18702525.0
20120203,6.63,6.91,6.56,6.87,9938746.0
20120120,6.21,6.67,6.1,6.63,10795989.0
20120113,6.04,6.72,5.99,6.3,13878746.0
20120106,6.64,6.7,5.88,6.09,5764582.0
20111230,6.8,6.94,6.35,6.6,8857347.0
20111223,7.14,7.36,6.7,6.84,10629564.0
20111216,7.28,7.37,6.81,7.14,10028421.0
20111209,7.44,7.44,7.18,7.26,6497069.0
20111202,7.87,7.9,7.32,7.44,11650331.0
20111125,7.82,7.98,7.69,7.83,8958453.0
20111118,8.36,8.49,7.77,7.81,32051542.0
20111111,8.18,8.57,8.13,8.28,22153613.0
20111104,7.83,8.47,7.59,8.21,33323888.0
20111028,7.4,7.92,7.23,7.81,20679483.0
20111021,8.57,8.6,7.38,7.38,14502904.0
20111014,8.34,8.62,8.08,8.58,14621118.0
20110930,8.6,8.76,8.19,8.31,7277698.0
20110923,9.0,9.12,8.53,8.64,10995774.0
20110916,8.92,9.1,8.68,9.01,9098513.0
20110909,9.61,9.63,8.92,9.07,17897851.0
20110902,9.8,10.22,9.56,9.72,44541300.0
20110826,9.3,9.91,9.12,9.87,39018777.0
20110819,9.8,10.55,9.3,9.41,12947701.0
20110812,10.15,10.21,9.15,9.73,6736642.0
20110805,10.19,10.85,10.03,10.27,7778687.0
20110729,10.67,10.67,10.17,10.2,4029202.0
20110722,11.24,11.24,10.65,10.67,5270756.0
20110715,10.67,11.26,10.63,11.17,7817452.0
20110708,10.68,11.0,10.65,10.71,6880345.0
20110701,10.65,10.79,10.48,10.73,6373180.0
20110624,10.11,10.66,10.01,10.62,4943763.0
20110617,10.9,11.47,9.98,10.14,9670451.0
20110610,10.65,11.7,10.59,11.1,10404094.0
20110603,10.03,10.71,9.92,10.7,4254063.0
20110527,11.7,11.7,9.97,10.04,4505915.0
20110520,14.66,14.99,11.66,11.7,3855689.0
20110513,14.26,14.66,14.26,14.66,2595272.0
20110506,14.39,14.56,14.05,14.26,1996435.0
20110429,15.65,15.76,14.04,14.36,5483864.0
20110422,15.51,15.69,15.13,15.65,5593790.0
20110415,15.9,15.98,15.38,15.53,5170954.0
20110408,15.65,15.84,15.51,15.79,1862790.0
20110401,16.37,16.55,15.46,15.66,7860680.0
20110325,15.9,16.64,15.64,16.34,12693685.0
20110318,16.43,16.66,15.74,15.9,11425953.0
20110311,15.6,16.6,15.56,16.33,13927904.0
20110304,15.47,15.93,15.4,15.6,8080743.0
20110225,15.4,15.73,15.03,15.45,7130149.0
20110218,15.47,15.84,15.33,15.48,8756526.0
20110211,14.88,15.52,14.81,15.42,3856951.0
20110201,14.8,15.02,14.75,14.91,1943006.0
20110128,14.84,14.89,14.04,14.88,4953592.0
20110121,16.39,16.39,14.51,14.83,6803849.0
20110114,16.88,16.93,16.38,16.39,6492283.0
20110107,17.06,17.2,16.74,16.84,6731106.0
20101231,17.02,17.27,16.6,17.06,8281360.0
20101224,17.63,18.16,17.0,17.07,20901543.0
20101217,16.95,17.64,16.95,17.62,12181962.0
20101210,17.3,17.37,16.61,16.91,9186542.0
20101203,17.98,18.16,16.97,17.28,16864463.0
20101126,17.46,18.44,17.07,17.97,29551894.0
20101119,18.14,18.75,16.3,17.55,30248709.0
20101112,17.62,19.51,17.6,18.29,31415735.0
20101105,18.05,18.28,17.25,17.44,14068610.0
20101029,17.81,18.06,17.47,17.99,16807851.0
20101022,16.94,17.99,16.3,17.71,17122421.0
20101015,18.37,19.02,16.9,17.07,17949157.0
20100930,17.75,17.8,16.53,16.7,7523805.0
20100921,18.19,18.3,17.22,17.6,5401111.0
20100917,19.62,19.68,18.02,18.17,20907986.0
20100910,20.7,21.19,19.12,19.65,31854666.0
20100903,19.13,21.8,19.1,20.91,59975820.0
20100827,20.0,20.28,18.67,19.07,40191478.0
20100820,20.0,22.0,19.32,20.2,97819064.0
